,liste_urls_boamp_tables_2021_github
0,https://raw.githubusercontent.com/Semaine52/AuFilduBoamp_Data_2021/main/df_boamp_2021_01_D_01_identite.csv
1,https://raw.githubusercontent.com/Semaine52/AuFilduBoamp_Data_2021/main/df_boamp_2021_01_D_02_typeorganisme.csv
2,https://raw.githubusercontent.com/Semaine52/AuFilduBoamp_Data_2021/main/df_boamp_2021_01_D_03_typepouvoiradjudicateur.csv
3,https://raw.githubusercontent.com/Semaine52/AuFilduBoamp_Data_2021/main/df_boamp_2021_01_D_04_activiteprincipale.csv
4,https://raw.githubusercontent.com/Semaine52/AuFilduBoamp_Data_2021/main/df_boamp_2021_01_D_05_objet.csv
5,https://raw.githubusercontent.com/Semaine52/AuFilduBoamp_Data_2021/main/df_boamp_2021_01_D_06_procedure.csv
6,https://raw.githubusercontent.com/Semaine52/AuFilduBoamp_Data_2021/main/df_boamp_2021_01_D_07_publicationanterieure.csv
7,https://raw.githubusercontent.com/Semaine52/AuFilduBoamp_Data_2021/main/df_boamp_2021_01_D_08_attribution.csv
8,https://raw.githubusercontent.com/Semaine52/AuFilduBoamp_Data_2021/main/df_boamp_2021_01_D_09_rectif.csv
9,https://raw.githubusercontent.com/Semaine52/AuFilduBoamp_Data_2021/main/df_boamp_2021_01_D_10_annulation.csv
10,https://raw.githubusercontent.com/Semaine52/AuFilduBoamp_Data_2021/main/df_boamp_2021_01_D_11_conditiondelai.csv
11,https://raw.githubusercontent.com/Semaine52/AuFilduBoamp_Data_2021/main/df_boamp_2021_01_D_12_conditionrelativemarche.csv
12,https://raw.githubusercontent.com/Semaine52/AuFilduBoamp_Data_2021/main/df_boamp_2021_01_D_13_conditionparticipation.csv
13,https://raw.githubusercontent.com/Semaine52/AuFilduBoamp_Data_2021/main/df_boamp_2021_01_D_14_conditionparticipationsystmequalif.csv
14,https://raw.githubusercontent.com/Semaine52/AuFilduBoamp_Data_2021/main/df_boamp_2021_01_D_15_conditionadministrative.csv
15,https://raw.githubusercontent.com/Semaine52/AuFilduBoamp_Data_2021/main/df_boamp_2021_01_D_16_renseignementscomplementaires.csv
16,https://raw.githubusercontent.com/Semaine52/AuFilduBoamp_Data_2021/main/df_boamp_2021_01_D_17_modif.csv
17,https://raw.githubusercontent.com/Semaine52/AuFilduBoamp_Data_2021/main/df_boamp_2021_01_D_18_annexed1.csv
18,https://raw.githubusercontent.com/Semaine52/AuFilduBoamp_Data_2021/main/df_boamp_2021_01_D_19_annexed2.csv
19,https://raw.githubusercontent.com/Semaine52/AuFilduBoamp_Data_2021/main/df_boamp_2021_01_D_20_annexed3.csv
20,https://raw.githubusercontent.com/Semaine52/AuFilduBoamp_Data_2021/main/df_boamp_2021_01_D_21_annexed4.csv
21,https://raw.githubusercontent.com/Semaine52/AuFilduBoamp_Data_2021/main/df_boamp_2021_01_G_01_reference.csv
22,https://raw.githubusercontent.com/Semaine52/AuFilduBoamp_Data_2021/main/df_boamp_2021_01_G_02_marche.csv
23,https://raw.githubusercontent.com/Semaine52/AuFilduBoamp_Data_2021/main/df_boamp_2021_01_G_04_indexation.csv
24,https://raw.githubusercontent.com/Semaine52/AuFilduBoamp_Data_2021/main/df_boamp_2021_02_D_01_identite.csv
25,https://raw.githubusercontent.com/Semaine52/AuFilduBoamp_Data_2021/main/df_boamp_2021_02_D_02_typeorganisme.csv
26,https://raw.githubusercontent.com/Semaine52/AuFilduBoamp_Data_2021/main/df_boamp_2021_02_D_03_typepouvoiradjudicateur.csv
27,https://raw.githubusercontent.com/Semaine52/AuFilduBoamp_Data_2021/main/df_boamp_2021_02_D_04_activiteprincipale.csv
28,https://raw.githubusercontent.com/Semaine52/AuFilduBoamp_Data_2021/main/df_boamp_2021_02_D_05_objet.csv
29,https://raw.githubusercontent.com/Semaine52/AuFilduBoamp_Data_2021/main/df_boamp_2021_02_D_06_procedure.csv
30,https://raw.githubusercontent.com/Semaine52/AuFilduBoamp_Data_2021/main/df_boamp_2021_02_D_07_publicationanterieure.csv
31,https://raw.githubusercontent.com/Semaine52/AuFilduBoamp_Data_2021/main/df_boamp_2021_02_D_08_attribution.csv
32,https://raw.githubusercontent.com/Semaine52/AuFilduBoamp_Data_2021/main/df_boamp_2021_02_D_09_rectif.csv
33,https://raw.githubusercontent.com/Semaine52/AuFilduBoamp_Data_2021/main/df_boamp_2021_02_D_10_annulation.csv
34,https://raw.githubusercontent.com/Semaine52/AuFilduBoamp_Data_2021/main/df_boamp_2021_02_D_11_conditiondelai.csv
35,https://raw.githubusercontent.com/Semaine52/AuFilduBoamp_Data_2021/main/df_boamp_2021_02_D_12_conditionrelativemarche.csv
36,https://raw.githubusercontent.com/Semaine52/AuFilduBoamp_Data_2021/main/df_boamp_2021_02_D_13_conditionparticipation.csv
37,https://raw.githubusercontent.com/Semaine52/AuFilduBoamp_Data_2021/main/df_boamp_2021_02_D_14_conditionparticipationsystmequalif.csv
38,https://raw.githubusercontent.com/Semaine52/AuFilduBoamp_Data_2021/main/df_boamp_2021_02_D_15_conditionadministrative.csv
39,https://raw.githubusercontent.com/Semaine52/AuFilduBoamp_Data_2021/main/df_boamp_2021_02_D_16_renseignementscomplementaires.csv
40,https://raw.githubusercontent.com/Semaine52/AuFilduBoamp_Data_2021/main/df_boamp_2021_02_D_17_modif.csv
41,https://raw.githubusercontent.com/Semaine52/AuFilduBoamp_Data_2021/main/df_boamp_2021_02_D_18_annexed1.csv
42,https://raw.githubusercontent.com/Semaine52/AuFilduBoamp_Data_2021/main/df_boamp_2021_02_D_19_annexed2.csv
43,https://raw.githubusercontent.com/Semaine52/AuFilduBoamp_Data_2021/main/df_boamp_2021_02_D_20_annexed3.csv
44,https://raw.githubusercontent.com/Semaine52/AuFilduBoamp_Data_2021/main/df_boamp_2021_02_D_21_annexed4.csv
45,https://raw.githubusercontent.com/Semaine52/AuFilduBoamp_Data_2021/main/df_boamp_2021_02_G_01_reference.csv
46,https://raw.githubusercontent.com/Semaine52/AuFilduBoamp_Data_2021/main/df_boamp_2021_02_G_02_marche.csv
47,https://raw.githubusercontent.com/Semaine52/AuFilduBoamp_Data_2021/main/df_boamp_2021_02_G_04_indexation.csv
48,https://raw.githubusercontent.com/Semaine52/AuFilduBoamp_Data_2021/main/df_boamp_2021_03_D_01_identite.csv
49,https://raw.githubusercontent.com/Semaine52/AuFilduBoamp_Data_2021/main/df_boamp_2021_03_D_02_typeorganisme.csv
50,https://raw.githubusercontent.com/Semaine52/AuFilduBoamp_Data_2021/main/df_boamp_2021_03_D_03_typepouvoiradjudicateur.csv
51,https://raw.githubusercontent.com/Semaine52/AuFilduBoamp_Data_2021/main/df_boamp_2021_03_D_04_activiteprincipale.csv
52,https://raw.githubusercontent.com/Semaine52/AuFilduBoamp_Data_2021/main/df_boamp_2021_03_D_05_objet.csv
53,https://raw.githubusercontent.com/Semaine52/AuFilduBoamp_Data_2021/main/df_boamp_2021_03_D_06_procedure.csv
54,https://raw.githubusercontent.com/Semaine52/AuFilduBoamp_Data_2021/main/df_boamp_2021_03_D_07_publicationanterieure.csv
55,https://raw.githubusercontent.com/Semaine52/AuFilduBoamp_Data_2021/main/df_boamp_2021_03_D_08_attribution.csv
56,https://raw.githubusercontent.com/Semaine52/AuFilduBoamp_Data_2021/main/df_boamp_2021_03_D_09_rectif.csv
57,https://raw.githubusercontent.com/Semaine52/AuFilduBoamp_Data_2021/main/df_boamp_2021_03_D_10_annulation.csv
58,https://raw.githubusercontent.com/Semaine52/AuFilduBoamp_Data_2021/main/df_boamp_2021_03_D_11_conditiondelai.csv
59,https://raw.githubusercontent.com/Semaine52/AuFilduBoamp_Data_2021/main/df_boamp_2021_03_D_12_conditionrelativemarche.csv
60,https://raw.githubusercontent.com/Semaine52/AuFilduBoamp_Data_2021/main/df_boamp_2021_03_D_13_conditionparticipation.csv
61,https://raw.githubusercontent.com/Semaine52/AuFilduBoamp_Data_2021/main/df_boamp_2021_03_D_14_conditionparticipationsystmequalif.csv
62,https://raw.githubusercontent.com/Semaine52/AuFilduBoamp_Data_2021/main/df_boamp_2021_03_D_15_conditionadministrative.csv
63,https://raw.githubusercontent.com/Semaine52/AuFilduBoamp_Data_2021/main/df_boamp_2021_03_D_16_renseignementscomplementaires.csv
64,https://raw.githubusercontent.com/Semaine52/AuFilduBoamp_Data_2021/main/df_boamp_2021_03_D_17_modif.csv
65,https://raw.githubusercontent.com/Semaine52/AuFilduBoamp_Data_2021/main/df_boamp_2021_03_D_18_annexed1.csv
66,https://raw.githubusercontent.com/Semaine52/AuFilduBoamp_Data_2021/main/df_boamp_2021_03_D_19_annexed2.csv
67,https://raw.githubusercontent.com/Semaine52/AuFilduBoamp_Data_2021/main/df_boamp_2021_03_D_20_annexed3.csv
68,https://raw.githubusercontent.com/Semaine52/AuFilduBoamp_Data_2021/main/df_boamp_2021_03_D_21_annexed4.csv
69,https://raw.githubusercontent.com/Semaine52/AuFilduBoamp_Data_2021/main/df_boamp_2021_03_G_01_reference.csv
70,https://raw.githubusercontent.com/Semaine52/AuFilduBoamp_Data_2021/main/df_boamp_2021_03_G_02_marche.csv
71,https://raw.githubusercontent.com/Semaine52/AuFilduBoamp_Data_2021/main/df_boamp_2021_03_G_04_indexation.csv
72,https://raw.githubusercontent.com/Semaine52/AuFilduBoamp_Data_2021/main/df_boamp_2021_04_D_01_identite.csv
73,https://raw.githubusercontent.com/Semaine52/AuFilduBoamp_Data_2021/main/df_boamp_2021_04_D_02_typeorganisme.csv
74,https://raw.githubusercontent.com/Semaine52/AuFilduBoamp_Data_2021/main/df_boamp_2021_04_D_03_typepouvoiradjudicateur.csv
75,https://raw.githubusercontent.com/Semaine52/AuFilduBoamp_Data_2021/main/df_boamp_2021_04_D_04_activiteprincipale.csv
76,https://raw.githubusercontent.com/Semaine52/AuFilduBoamp_Data_2021/main/df_boamp_2021_04_D_05_objet.csv
77,https://raw.githubusercontent.com/Semaine52/AuFilduBoamp_Data_2021/main/df_boamp_2021_04_D_06_procedure.csv
78,https://raw.githubusercontent.com/Semaine52/AuFilduBoamp_Data_2021/main/df_boamp_2021_04_D_07_publicationanterieure.csv
79,https://raw.githubusercontent.com/Semaine52/AuFilduBoamp_Data_2021/main/df_boamp_2021_04_D_08_attribution.csv
80,https://raw.githubusercontent.com/Semaine52/AuFilduBoamp_Data_2021/main/df_boamp_2021_04_D_09_rectif.csv
81,https://raw.githubusercontent.com/Semaine52/AuFilduBoamp_Data_2021/main/df_boamp_2021_04_D_10_annulation.csv
82,https://raw.githubusercontent.com/Semaine52/AuFilduBoamp_Data_2021/main/df_boamp_2021_04_D_11_conditiondelai.csv
83,https://raw.githubusercontent.com/Semaine52/AuFilduBoamp_Data_2021/main/df_boamp_2021_04_D_12_conditionrelativemarche.csv
84,https://raw.githubusercontent.com/Semaine52/AuFilduBoamp_Data_2021/main/df_boamp_2021_04_D_13_conditionparticipation.csv
85,https://raw.githubusercontent.com/Semaine52/AuFilduBoamp_Data_2021/main/df_boamp_2021_04_D_14_conditionparticipationsystmequalif.csv
86,https://raw.githubusercontent.com/Semaine52/AuFilduBoamp_Data_2021/main/df_boamp_2021_04_D_15_conditionadministrative.csv
87,https://raw.githubusercontent.com/Semaine52/AuFilduBoamp_Data_2021/main/df_boamp_2021_04_D_16_renseignementscomplementaires.csv
88,https://raw.githubusercontent.com/Semaine52/AuFilduBoamp_Data_2021/main/df_boamp_2021_04_D_17_modif.csv
89,https://raw.githubusercontent.com/Semaine52/AuFilduBoamp_Data_2021/main/df_boamp_2021_04_D_18_annexed1.csv
90,https://raw.githubusercontent.com/Semaine52/AuFilduBoamp_Data_2021/main/df_boamp_2021_04_D_19_annexed2.csv
91,https://raw.githubusercontent.com/Semaine52/AuFilduBoamp_Data_2021/main/df_boamp_2021_04_D_20_annexed3.csv
92,https://raw.githubusercontent.com/Semaine52/AuFilduBoamp_Data_2021/main/df_boamp_2021_04_D_21_annexed4.csv
93,https://raw.githubusercontent.com/Semaine52/AuFilduBoamp_Data_2021/main/df_boamp_2021_04_G_01_reference.csv
94,https://raw.githubusercontent.com/Semaine52/AuFilduBoamp_Data_2021/main/df_boamp_2021_04_G_02_marche.csv
95,https://raw.githubusercontent.com/Semaine52/AuFilduBoamp_Data_2021/main/df_boamp_2021_04_G_04_indexation.csv
96,https://raw.githubusercontent.com/Semaine52/AuFilduBoamp_Data_2021/main/df_boamp_2021_05_D_01_identite.csv
97,https://raw.githubusercontent.com/Semaine52/AuFilduBoamp_Data_2021/main/df_boamp_2021_05_D_02_typeorganisme.csv
98,https://raw.githubusercontent.com/Semaine52/AuFilduBoamp_Data_2021/main/df_boamp_2021_05_D_03_typepouvoiradjudicateur.csv
99,https://raw.githubusercontent.com/Semaine52/AuFilduBoamp_Data_2021/main/df_boamp_2021_05_D_04_activiteprincipale.csv
100,https://raw.githubusercontent.com/Semaine52/AuFilduBoamp_Data_2021/main/df_boamp_2021_05_D_05_objet.csv
101,https://raw.githubusercontent.com/Semaine52/AuFilduBoamp_Data_2021/main/df_boamp_2021_05_D_06_procedure.csv
102,https://raw.githubusercontent.com/Semaine52/AuFilduBoamp_Data_2021/main/df_boamp_2021_05_D_07_publicationanterieure.csv
103,https://raw.githubusercontent.com/Semaine52/AuFilduBoamp_Data_2021/main/df_boamp_2021_05_D_08_attribution.csv
104,https://raw.githubusercontent.com/Semaine52/AuFilduBoamp_Data_2021/main/df_boamp_2021_05_D_09_rectif.csv
105,https://raw.githubusercontent.com/Semaine52/AuFilduBoamp_Data_2021/main/df_boamp_2021_05_D_10_annulation.csv
106,https://raw.githubusercontent.com/Semaine52/AuFilduBoamp_Data_2021/main/df_boamp_2021_05_D_11_conditiondelai.csv
107,https://raw.githubusercontent.com/Semaine52/AuFilduBoamp_Data_2021/main/df_boamp_2021_05_D_12_conditionrelativemarche.csv
108,https://raw.githubusercontent.com/Semaine52/AuFilduBoamp_Data_2021/main/df_boamp_2021_05_D_13_conditionparticipation.csv
109,https://raw.githubusercontent.com/Semaine52/AuFilduBoamp_Data_2021/main/df_boamp_2021_05_D_14_conditionparticipationsystmequalif.csv
110,https://raw.githubusercontent.com/Semaine52/AuFilduBoamp_Data_2021/main/df_boamp_2021_05_D_15_conditionadministrative.csv
111,https://raw.githubusercontent.com/Semaine52/AuFilduBoamp_Data_2021/main/df_boamp_2021_05_D_16_renseignementscomplementaires.csv
112,https://raw.githubusercontent.com/Semaine52/AuFilduBoamp_Data_2021/main/df_boamp_2021_05_D_17_modif.csv
113,https://raw.githubusercontent.com/Semaine52/AuFilduBoamp_Data_2021/main/df_boamp_2021_05_D_18_annexed1.csv
114,https://raw.githubusercontent.com/Semaine52/AuFilduBoamp_Data_2021/main/df_boamp_2021_05_D_19_annexed2.csv
115,https://raw.githubusercontent.com/Semaine52/AuFilduBoamp_Data_2021/main/df_boamp_2021_05_D_20_annexed3.csv
116,https://raw.githubusercontent.com/Semaine52/AuFilduBoamp_Data_2021/main/df_boamp_2021_05_D_21_annexed4.csv
117,https://raw.githubusercontent.com/Semaine52/AuFilduBoamp_Data_2021/main/df_boamp_2021_05_G_01_reference.csv
118,https://raw.githubusercontent.com/Semaine52/AuFilduBoamp_Data_2021/main/df_boamp_2021_05_G_02_marche.csv
119,https://raw.githubusercontent.com/Semaine52/AuFilduBoamp_Data_2021/main/df_boamp_2021_05_G_04_indexation.csv
120,https://raw.githubusercontent.com/Semaine52/AuFilduBoamp_Data_2021/main/df_boamp_2021_06_D_01_identite.csv
121,https://raw.githubusercontent.com/Semaine52/AuFilduBoamp_Data_2021/main/df_boamp_2021_06_D_02_typeorganisme.csv
122,https://raw.githubusercontent.com/Semaine52/AuFilduBoamp_Data_2021/main/df_boamp_2021_06_D_03_typepouvoiradjudicateur.csv
123,https://raw.githubusercontent.com/Semaine52/AuFilduBoamp_Data_2021/main/df_boamp_2021_06_D_04_activiteprincipale.csv
124,https://raw.githubusercontent.com/Semaine52/AuFilduBoamp_Data_2021/main/df_boamp_2021_06_D_05_objet.csv
125,https://raw.githubusercontent.com/Semaine52/AuFilduBoamp_Data_2021/main/df_boamp_2021_06_D_06_procedure.csv
126,https://raw.githubusercontent.com/Semaine52/AuFilduBoamp_Data_2021/main/df_boamp_2021_06_D_07_publicationanterieure.csv
127,https://raw.githubusercontent.com/Semaine52/AuFilduBoamp_Data_2021/main/df_boamp_2021_06_D_08_attribution.csv
128,https://raw.githubusercontent.com/Semaine52/AuFilduBoamp_Data_2021/main/df_boamp_2021_06_D_09_rectif.csv
129,https://raw.githubusercontent.com/Semaine52/AuFilduBoamp_Data_2021/main/df_boamp_2021_06_D_10_annulation.csv
130,https://raw.githubusercontent.com/Semaine52/AuFilduBoamp_Data_2021/main/df_boamp_2021_06_D_11_conditiondelai.csv
131,https://raw.githubusercontent.com/Semaine52/AuFilduBoamp_Data_2021/main/df_boamp_2021_06_D_12_conditionrelativemarche.csv
132,https://raw.githubusercontent.com/Semaine52/AuFilduBoamp_Data_2021/main/df_boamp_2021_06_D_13_conditionparticipation.csv
133,https://raw.githubusercontent.com/Semaine52/AuFilduBoamp_Data_2021/main/df_boamp_2021_06_D_14_conditionparticipationsystmequalif.csv
134,https://raw.githubusercontent.com/Semaine52/AuFilduBoamp_Data_2021/main/df_boamp_2021_06_D_15_conditionadministrative.csv
135,https://raw.githubusercontent.com/Semaine52/AuFilduBoamp_Data_2021/main/df_boamp_2021_06_D_16_renseignementscomplementaires.csv
136,https://raw.githubusercontent.com/Semaine52/AuFilduBoamp_Data_2021/main/df_boamp_2021_06_D_17_modif.csv
137,https://raw.githubusercontent.com/Semaine52/AuFilduBoamp_Data_2021/main/df_boamp_2021_06_D_18_annexed1.csv
138,https://raw.githubusercontent.com/Semaine52/AuFilduBoamp_Data_2021/main/df_boamp_2021_06_D_19_annexed2.csv
139,https://raw.githubusercontent.com/Semaine52/AuFilduBoamp_Data_2021/main/df_boamp_2021_06_D_20_annexed3.csv
140,https://raw.githubusercontent.com/Semaine52/AuFilduBoamp_Data_2021/main/df_boamp_2021_06_D_21_annexed4.csv
141,https://raw.githubusercontent.com/Semaine52/AuFilduBoamp_Data_2021/main/df_boamp_2021_06_G_01_reference.csv
142,https://raw.githubusercontent.com/Semaine52/AuFilduBoamp_Data_2021/main/df_boamp_2021_06_G_02_marche.csv
143,https://raw.githubusercontent.com/Semaine52/AuFilduBoamp_Data_2021/main/df_boamp_2021_06_G_04_indexation.csv
144,https://raw.githubusercontent.com/Semaine52/AuFilduBoamp_Data_2021/main/liste_urls_boamp_tables_2021_github.csv
