,liste_urls_boamp_plans_html
0,https://www.semaine52.com/AuFilDuBoamp_Lab/boamp_plans_html/boamp_plan_d_01_identite.html
1,https://www.semaine52.com/AuFilDuBoamp_Lab/boamp_plans_html/boamp_plan_d_02_typeorganisme.html
2,https://www.semaine52.com/AuFilDuBoamp_Lab/boamp_plans_html/boamp_plan_d_03_typepouvoiradjudicateur.html
3,https://www.semaine52.com/AuFilDuBoamp_Lab/boamp_plans_html/boamp_plan_d_04_activiteprincipale.html
4,https://www.semaine52.com/AuFilDuBoamp_Lab/boamp_plans_html/boamp_plan_d_05_objet.html
5,https://www.semaine52.com/AuFilDuBoamp_Lab/boamp_plans_html/boamp_plan_d_06_procedure.html
6,https://www.semaine52.com/AuFilDuBoamp_Lab/boamp_plans_html/boamp_plan_d_07_publicationanterieure.html
7,https://www.semaine52.com/AuFilDuBoamp_Lab/boamp_plans_html/boamp_plan_d_08_attribution.html
8,https://www.semaine52.com/AuFilDuBoamp_Lab/boamp_plans_html/boamp_plan_d_09_rectif.html
9,https://www.semaine52.com/AuFilDuBoamp_Lab/boamp_plans_html/boamp_plan_d_10_annulation.html
10,https://www.semaine52.com/AuFilDuBoamp_Lab/boamp_plans_html/boamp_plan_d_11_conditiondelai.html
11,https://www.semaine52.com/AuFilDuBoamp_Lab/boamp_plans_html/boamp_plan_d_12_conditionrelativemarche.html
12,https://www.semaine52.com/AuFilDuBoamp_Lab/boamp_plans_html/boamp_plan_d_13_conditionparticipation.html
13,https://www.semaine52.com/AuFilDuBoamp_Lab/boamp_plans_html/boamp_plan_d_14_conditionparticipationsystmequalif.html
14,https://www.semaine52.com/AuFilDuBoamp_Lab/boamp_plans_html/boamp_plan_d_15_conditionadministrative.html
15,https://www.semaine52.com/AuFilDuBoamp_Lab/boamp_plans_html/boamp_plan_d_16_renseignementscomplementaires.html
16,https://www.semaine52.com/AuFilDuBoamp_Lab/boamp_plans_html/boamp_plan_d_17_modif.html
17,https://www.semaine52.com/AuFilDuBoamp_Lab/boamp_plans_html/boamp_plan_d_18_annexed1.html
18,https://www.semaine52.com/AuFilDuBoamp_Lab/boamp_plans_html/boamp_plan_d_19_annexed2.html
19,https://www.semaine52.com/AuFilDuBoamp_Lab/boamp_plans_html/boamp_plan_d_20_annexed3.html
20,https://www.semaine52.com/AuFilDuBoamp_Lab/boamp_plans_html/boamp_plan_d_21_annexed4.html
21,https://www.semaine52.com/AuFilDuBoamp_Lab/boamp_plans_html/boamp_plan_g_01_reference.html
22,https://www.semaine52.com/AuFilDuBoamp_Lab/boamp_plans_html/boamp_plan_g_02_marche.html
23,https://www.semaine52.com/AuFilDuBoamp_Lab/boamp_plans_html/boamp_plan_g_04_indexation.html
